Timestamp,Angry,Disgusted,Fearful,Happy,Neutral,Sad,Surprised
2025-04-25T16:44:00.662Z,0.00,0.00,0.00,0.00,0.00,0.00,0.00
2025-04-25T16:44:01.634Z,0.00,0.00,0.00,0.00,0.00,0.00,0.00
2025-04-25T16:44:03.333Z,0.00,0.00,0.00,0.00,0.00,0.00,0.00
2025-04-25T16:44:03.897Z,0.00,0.00,0.00,0.00,100.00,0.00,0.00
2025-04-25T16:44:04.680Z,0.00,0.00,0.00,0.00,100.00,0.00,0.00
2025-04-25T16:44:05.738Z,0.00,0.00,0.00,100.00,0.00,0.00,0.00
2025-04-25T16:44:06.738Z,0.00,0.00,0.00,50.00,50.00,0.00,0.00
2025-04-25T16:44:07.821Z,0.00,0.00,0.00,0.00,100.00,0.00,0.00
2025-04-25T16:44:08.934Z,0.00,0.00,0.00,0.00,100.00,0.00,0.00
2025-04-25T16:44:10.165Z,0.00,0.00,0.00,0.00,50.00,0.00,50.00
2025-04-25T16:44:10.692Z,0.00,0.00,0.00,0.00,100.00,0.00,0.00
2025-04-25T16:44:11.809Z,0.00,0.00,0.00,0.00,100.00,0.00,0.00
2025-04-25T16:44:12.620Z,0.00,0.00,0.00,0.00,100.00,0.00,0.00
2025-04-25T16:44:13.785Z,0.00,0.00,0.00,0.00,100.00,0.00,0.00
2025-04-25T16:44:14.834Z,0.00,0.00,0.00,0.00,100.00,0.00,0.00
2025-04-25T16:44:15.715Z,0.00,0.00,0.00,0.00,100.00,0.00,0.00
2025-04-25T16:44:16.748Z,0.00,0.00,0.00,0.00,100.00,0.00,0.00
2025-04-25T16:44:17.694Z,0.00,0.00,0.00,0.00,100.00,0.00,0.00
2025-04-25T16:44:18.832Z,0.00,0.00,0.00,0.00,100.00,0.00,0.00
2025-04-25T16:44:19.870Z,0.00,0.00,0.00,0.00,100.00,0.00,0.00
2025-04-25T16:44:20.725Z,0.00,0.00,0.00,0.00,100.00,0.00,0.00
2025-04-25T16:44:21.810Z,0.00,0.00,0.00,0.00,100.00,0.00,0.00
2025-04-25T16:44:22.894Z,0.00,0.00,0.00,0.00,100.00,0.00,0.00
2025-04-25T16:44:23.939Z,0.00,0.00,0.00,0.00,100.00,0.00,0.00
2025-04-25T16:44:24.864Z,0.00,0.00,0.00,0.00,100.00,0.00,0.00
2025-04-25T16:44:25.865Z,0.00,0.00,0.00,0.00,100.00,0.00,0.00
2025-04-25T16:44:26.987Z,0.00,0.00,0.00,0.00,100.00,0.00,0.00
2025-04-25T16:44:27.896Z,0.00,0.00,0.00,0.00,100.00,0.00,0.00
2025-04-25T16:44:28.910Z,0.00,0.00,0.00,0.00,100.00,0.00,0.00
2025-04-25T16:44:29.938Z,0.00,0.00,0.00,0.00,100.00,0.00,0.00
2025-04-25T16:44:30.759Z,0.00,0.00,0.00,0.00,100.00,0.00,0.00
2025-04-25T16:44:31.816Z,0.00,0.00,0.00,0.00,100.00,0.00,0.00
2025-04-25T16:44:32.838Z,0.00,0.00,0.00,0.00,100.00,0.00,0.00
2025-04-25T16:44:33.651Z,0.00,0.00,0.00,0.00,100.00,0.00,0.00
2025-04-25T16:44:34.691Z,0.00,0.00,0.00,0.00,100.00,0.00,0.00
2025-04-25T16:44:35.772Z,0.00,0.00,0.00,0.00,100.00,0.00,0.00
2025-04-25T16:44:36.742Z,0.00,0.00,0.00,0.00,100.00,0.00,0.00
2025-04-25T16:44:37.794Z,0.00,0.00,0.00,0.00,100.00,0.00,0.00
2025-04-25T16:44:38.925Z,0.00,0.00,0.00,0.00,100.00,0.00,0.00
2025-04-25T16:44:39.890Z,0.00,0.00,0.00,0.00,100.00,0.00,0.00
2025-04-25T16:44:40.801Z,0.00,0.00,0.00,0.00,100.00,0.00,0.00
2025-04-25T16:44:41.894Z,0.00,0.00,0.00,0.00,100.00,0.00,0.00
2025-04-25T16:44:42.880Z,0.00,0.00,0.00,0.00,100.00,0.00,0.00
2025-04-25T16:44:43.906Z,0.00,0.00,0.00,0.00,100.00,0.00,0.00
2025-04-25T16:44:44.955Z,0.00,0.00,0.00,0.00,100.00,0.00,0.00
2025-04-25T16:44:45.814Z,0.00,0.00,0.00,0.00,100.00,0.00,0.00
2025-04-25T16:44:46.966Z,0.00,0.00,0.00,0.00,100.00,0.00,0.00
2025-04-25T16:44:47.886Z,0.00,0.00,0.00,0.00,100.00,0.00,0.00
2025-04-25T16:44:48.937Z,0.00,0.00,0.00,0.00,100.00,0.00,0.00
2025-04-25T16:44:49.852Z,0.00,0.00,0.00,0.00,100.00,0.00,0.00
2025-04-25T16:44:50.882Z,0.00,0.00,0.00,0.00,100.00,0.00,0.00
2025-04-25T16:44:52.038Z,0.00,0.00,0.00,0.00,100.00,0.00,0.00
2025-04-25T16:44:52.635Z,0.00,0.00,0.00,0.00,100.00,0.00,0.00
2025-04-25T16:44:53.764Z,0.00,0.00,0.00,0.00,100.00,0.00,0.00
2025-04-25T16:44:54.696Z,0.00,0.00,0.00,0.00,100.00,0.00,0.00
2025-04-25T16:44:55.830Z,0.00,0.00,0.00,0.00,100.00,0.00,0.00
2025-04-25T16:44:56.705Z,0.00,0.00,0.00,0.00,100.00,0.00,0.00
2025-04-25T16:44:57.746Z,0.00,0.00,0.00,0.00,100.00,0.00,0.00
2025-04-25T16:44:58.831Z,0.00,0.00,0.00,0.00,100.00,0.00,0.00
2025-04-25T16:44:59.762Z,0.00,0.00,0.00,50.00,50.00,0.00,0.00
2025-04-25T16:45:00.814Z,0.00,0.00,0.00,100.00,0.00,0.00,0.00
2025-04-25T16:45:01.807Z,0.00,0.00,0.00,0.00,100.00,0.00,0.00
2025-04-25T16:45:02.763Z,0.00,0.00,0.00,0.00,100.00,0.00,0.00
2025-04-25T16:45:03.930Z,0.00,0.00,0.00,0.00,100.00,0.00,0.00
2025-04-25T16:45:04.702Z,0.00,0.00,0.00,0.00,100.00,0.00,0.00
2025-04-25T16:45:05.909Z,0.00,0.00,0.00,0.00,100.00,0.00,0.00
2025-04-25T16:45:06.870Z,0.00,0.00,0.00,0.00,100.00,0.00,0.00
2025-04-25T16:45:07.694Z,0.00,0.00,0.00,0.00,100.00,0.00,0.00
2025-04-25T16:45:08.839Z,0.00,0.00,0.00,0.00,100.00,0.00,0.00
2025-04-25T16:45:09.635Z,0.00,0.00,0.00,0.00,100.00,0.00,0.00
2025-04-25T16:45:10.832Z,0.00,0.00,0.00,0.00,100.00,0.00,0.00
2025-04-25T16:45:11.876Z,0.00,0.00,0.00,0.00,100.00,0.00,0.00
2025-04-25T16:45:12.685Z,0.00,0.00,0.00,0.00,100.00,0.00,0.00
2025-04-25T16:45:13.899Z,0.00,0.00,0.00,0.00,100.00,0.00,0.00
2025-04-25T16:45:14.784Z,0.00,0.00,0.00,0.00,100.00,0.00,0.00
2025-04-25T16:45:15.621Z,0.00,0.00,0.00,0.00,100.00,0.00,0.00
2025-04-25T16:45:16.755Z,0.00,0.00,0.00,0.00,100.00,0.00,0.00
2025-04-25T16:45:17.841Z,0.00,0.00,0.00,0.00,100.00,0.00,0.00
2025-04-25T16:45:18.828Z,0.00,0.00,0.00,0.00,50.00,0.00,50.00
2025-04-25T16:45:19.695Z,0.00,0.00,0.00,0.00,100.00,0.00,0.00
2025-04-25T16:45:20.744Z,0.00,0.00,0.00,0.00,100.00,0.00,0.00
2025-04-25T16:45:21.817Z,0.00,0.00,0.00,0.00,100.00,0.00,0.00
2025-04-25T16:45:22.755Z,0.00,0.00,0.00,0.00,0.00,0.00,0.00
2025-04-25T16:45:23.828Z,0.00,0.00,0.00,0.00,0.00,0.00,0.00
2025-04-25T16:45:24.756Z,0.00,0.00,0.00,0.00,100.00,0.00,0.00
2025-04-25T16:45:25.796Z,0.00,0.00,0.00,0.00,0.00,0.00,0.00
2025-04-25T16:45:26.826Z,0.00,0.00,0.00,0.00,0.00,0.00,0.00
2025-04-25T16:45:27.712Z,0.00,0.00,0.00,0.00,100.00,0.00,0.00
2025-04-25T16:45:28.764Z,0.00,0.00,0.00,0.00,100.00,0.00,0.00
2025-04-25T16:45:29.816Z,0.00,0.00,0.00,0.00,100.00,0.00,0.00
2025-04-25T16:45:30.938Z,0.00,0.00,0.00,0.00,0.00,0.00,0.00
2025-04-25T16:45:31.917Z,0.00,0.00,0.00,0.00,0.00,0.00,0.00
2025-04-25T16:45:32.936Z,0.00,0.00,0.00,0.00,100.00,0.00,0.00
2025-04-25T16:45:33.776Z,0.00,0.00,0.00,0.00,100.00,0.00,0.00
2025-04-25T16:45:34.751Z,0.00,0.00,0.00,0.00,0.00,0.00,0.00
2025-04-25T16:45:35.752Z,0.00,0.00,0.00,0.00,100.00,0.00,0.00
2025-04-25T16:45:36.696Z,0.00,0.00,0.00,0.00,0.00,0.00,0.00
2025-04-25T16:45:37.754Z,0.00,0.00,0.00,0.00,0.00,0.00,0.00
2025-04-25T16:45:38.903Z,0.00,0.00,0.00,0.00,0.00,0.00,0.00
2025-04-25T16:45:40.007Z,0.00,0.00,0.00,0.00,0.00,0.00,0.00
2025-04-25T16:45:40.872Z,0.00,0.00,0.00,0.00,0.00,0.00,0.00
2025-04-25T16:45:41.794Z,0.00,0.00,0.00,100.00,0.00,0.00,0.00
2025-04-25T16:45:42.758Z,0.00,0.00,0.00,0.00,0.00,0.00,0.00
2025-04-25T16:45:43.869Z,0.00,0.00,0.00,0.00,100.00,0.00,0.00
2025-04-25T16:45:44.805Z,0.00,0.00,0.00,0.00,0.00,0.00,0.00
2025-04-25T16:45:45.749Z,0.00,0.00,0.00,0.00,0.00,0.00,0.00
2025-04-25T16:45:46.874Z,0.00,0.00,0.00,0.00,0.00,0.00,0.00
2025-04-25T16:45:47.749Z,0.00,0.00,0.00,0.00,100.00,0.00,0.00
2025-04-25T16:45:48.796Z,0.00,0.00,0.00,0.00,100.00,0.00,0.00
2025-04-25T16:45:49.629Z,0.00,0.00,0.00,0.00,100.00,0.00,0.00
2025-04-25T16:45:51.077Z,0.00,0.00,0.00,0.00,100.00,0.00,0.00
2025-04-25T16:45:52.305Z,0.00,0.00,0.00,0.00,100.00,0.00,0.00
2025-04-25T16:45:53.040Z,0.00,0.00,0.00,0.00,50.00,0.00,50.00
2025-04-25T16:45:54.100Z,0.00,0.00,0.00,0.00,100.00,0.00,0.00
2025-04-25T16:45:54.914Z,0.00,0.00,0.00,0.00,100.00,0.00,0.00
2025-04-25T16:45:55.964Z,0.00,0.00,0.00,0.00,100.00,0.00,0.00
2025-04-25T16:45:57.076Z,0.00,0.00,0.00,100.00,0.00,0.00,0.00
2025-04-25T16:45:58.250Z,0.00,0.00,0.00,0.00,100.00,0.00,0.00
2025-04-25T16:45:59.060Z,0.00,0.00,0.00,0.00,100.00,0.00,0.00
2025-04-25T16:46:00.275Z,0.00,0.00,0.00,50.00,50.00,0.00,0.00
2025-04-25T16:46:01.103Z,0.00,0.00,0.00,0.00,100.00,0.00,0.00
2025-04-25T16:46:02.285Z,0.00,0.00,0.00,0.00,100.00,0.00,0.00
2025-04-25T16:46:03.150Z,0.00,0.00,0.00,0.00,0.00,0.00,0.00
2025-04-25T16:46:04.120Z,0.00,0.00,0.00,0.00,100.00,0.00,0.00
2025-04-25T16:46:05.398Z,0.00,0.00,0.00,0.00,100.00,0.00,0.00
2025-04-25T16:46:06.169Z,0.00,0.00,0.00,0.00,100.00,0.00,0.00
2025-04-25T16:46:07.352Z,0.00,0.00,0.00,0.00,100.00,0.00,0.00
2025-04-25T16:46:08.237Z,0.00,0.00,0.00,0.00,100.00,0.00,0.00
2025-04-25T16:46:09.491Z,0.00,0.00,0.00,0.00,100.00,0.00,0.00
2025-04-25T16:46:10.329Z,0.00,0.00,0.00,0.00,100.00,0.00,0.00
2025-04-25T16:46:11.148Z,0.00,0.00,0.00,0.00,100.00,0.00,0.00
2025-04-25T16:46:12.559Z,0.00,0.00,0.00,0.00,100.00,0.00,0.00
2025-04-25T16:46:13.442Z,0.00,0.00,0.00,0.00,100.00,0.00,0.00
2025-04-25T16:46:14.343Z,0.00,0.00,0.00,0.00,100.00,0.00,0.00
2025-04-25T16:46:15.136Z,0.00,0.00,0.00,0.00,100.00,0.00,0.00
2025-04-25T16:46:15.932Z,0.00,0.00,0.00,0.00,100.00,0.00,0.00
2025-04-25T16:46:17.668Z,0.00,0.00,0.00,0.00,0.00,0.00,100.00
2025-04-25T16:46:19.293Z,0.00,0.00,0.00,0.00,100.00,0.00,0.00
2025-04-25T16:46:19.969Z,0.00,0.00,0.00,0.00,100.00,0.00,0.00
2025-04-25T16:46:21.044Z,0.00,0.00,0.00,0.00,100.00,0.00,0.00
2025-04-25T16:46:22.208Z,0.00,0.00,0.00,0.00,100.00,0.00,0.00
2025-04-25T16:46:22.940Z,0.00,0.00,0.00,0.00,100.00,0.00,0.00
2025-04-25T16:46:23.962Z,0.00,0.00,0.00,0.00,100.00,0.00,0.00
2025-04-25T16:46:25.043Z,0.00,0.00,0.00,0.00,100.00,0.00,0.00
2025-04-25T16:46:26.309Z,0.00,0.00,0.00,0.00,100.00,0.00,0.00
2025-04-25T16:46:27.215Z,0.00,0.00,0.00,0.00,100.00,0.00,0.00
2025-04-25T16:46:28.596Z,0.00,0.00,0.00,66.67,33.33,0.00,0.00
2025-04-25T16:46:30.339Z,0.00,0.00,0.00,0.00,100.00,0.00,0.00
2025-04-25T16:46:31.161Z,0.00,0.00,0.00,0.00,100.00,0.00,0.00
2025-04-25T16:46:32.435Z,0.00,0.00,0.00,50.00,50.00,0.00,0.00
2025-04-25T16:46:33.219Z,0.00,0.00,0.00,0.00,100.00,0.00,0.00
2025-04-25T16:46:34.433Z,0.00,0.00,0.00,0.00,100.00,0.00,0.00
2025-04-25T16:46:34.839Z,0.00,0.00,0.00,0.00,100.00,0.00,0.00
2025-04-25T16:46:36.191Z,0.00,0.00,0.00,0.00,100.00,0.00,0.00
2025-04-25T16:46:37.103Z,0.00,0.00,0.00,0.00,100.00,0.00,0.00
2025-04-25T16:46:38.463Z,0.00,0.00,0.00,0.00,100.00,0.00,0.00
2025-04-25T16:46:39.211Z,0.00,0.00,0.00,0.00,100.00,0.00,0.00
2025-04-25T16:46:39.951Z,0.00,0.00,0.00,0.00,100.00,0.00,0.00
2025-04-25T16:46:41.235Z,0.00,0.00,0.00,0.00,100.00,0.00,0.00
2025-04-25T16:46:42.366Z,0.00,0.00,0.00,0.00,100.00,0.00,0.00
2025-04-25T16:46:43.188Z,0.00,0.00,0.00,0.00,100.00,0.00,0.00
2025-04-25T16:46:44.475Z,0.00,0.00,0.00,50.00,50.00,0.00,0.00
2025-04-25T16:46:45.269Z,0.00,0.00,0.00,0.00,100.00,0.00,0.00
2025-04-25T16:46:46.135Z,0.00,0.00,0.00,0.00,100.00,0.00,0.00
2025-04-25T16:46:47.415Z,0.00,0.00,0.00,0.00,100.00,0.00,0.00
2025-04-25T16:46:48.233Z,0.00,0.00,0.00,0.00,0.00,0.00,0.00
2025-04-25T16:46:49.050Z,0.00,0.00,0.00,0.00,100.00,0.00,0.00
2025-04-25T16:46:50.331Z,0.00,0.00,0.00,0.00,100.00,0.00,0.00
2025-04-25T16:46:51.088Z,0.00,0.00,0.00,0.00,0.00,0.00,0.00
2025-04-25T16:46:52.189Z,0.00,0.00,0.00,0.00,100.00,0.00,0.00
2025-04-25T16:46:53.597Z,0.00,0.00,0.00,0.00,100.00,0.00,0.00
2025-04-25T16:46:55.566Z,0.00,0.00,0.00,0.00,100.00,0.00,0.00
2025-04-25T16:46:56.326Z,0.00,0.00,0.00,0.00,100.00,0.00,0.00
2025-04-25T16:46:57.377Z,0.00,0.00,0.00,0.00,100.00,0.00,0.00
2025-04-25T16:46:58.573Z,0.00,0.00,0.00,0.00,100.00,0.00,0.00
2025-04-25T16:47:00.277Z,0.00,0.00,0.00,0.00,100.00,0.00,0.00
2025-04-25T16:47:01.265Z,0.00,0.00,0.00,0.00,100.00,0.00,0.00
2025-04-25T16:47:02.248Z,0.00,0.00,0.00,0.00,0.00,0.00,0.00
2025-04-25T16:47:02.997Z,0.00,0.00,0.00,0.00,100.00,0.00,0.00
2025-04-25T16:47:04.360Z,0.00,0.00,0.00,0.00,0.00,0.00,0.00
2025-04-25T16:47:05.229Z,0.00,0.00,0.00,0.00,100.00,0.00,0.00
2025-04-25T16:47:06.385Z,0.00,0.00,0.00,0.00,100.00,0.00,0.00
2025-04-25T16:47:07.450Z,0.00,0.00,0.00,0.00,0.00,0.00,0.00
2025-04-25T16:47:08.348Z,0.00,0.00,0.00,0.00,100.00,0.00,0.00
2025-04-25T16:47:09.319Z,0.00,0.00,0.00,0.00,100.00,0.00,0.00
2025-04-25T16:47:10.316Z,0.00,0.00,0.00,0.00,100.00,0.00,0.00
2025-04-25T16:47:11.187Z,0.00,0.00,0.00,0.00,100.00,0.00,0.00
2025-04-25T16:47:12.054Z,0.00,0.00,0.00,0.00,100.00,0.00,0.00
2025-04-25T16:47:13.266Z,0.00,0.00,0.00,0.00,100.00,0.00,0.00
2025-04-25T16:47:13.999Z,0.00,0.00,0.00,0.00,100.00,0.00,0.00
2025-04-25T16:47:15.208Z,0.00,0.00,0.00,0.00,100.00,0.00,0.00
2025-04-25T16:47:16.336Z,0.00,0.00,0.00,0.00,0.00,0.00,0.00
2025-04-25T16:47:17.257Z,0.00,0.00,0.00,0.00,100.00,0.00,0.00
2025-04-25T16:47:18.231Z,0.00,0.00,0.00,0.00,0.00,0.00,0.00
2025-04-25T16:47:18.925Z,0.00,0.00,0.00,0.00,100.00,0.00,0.00
2025-04-25T16:47:19.919Z,0.00,0.00,0.00,0.00,100.00,0.00,0.00
2025-04-25T16:47:20.964Z,0.00,0.00,0.00,0.00,0.00,0.00,0.00
2025-04-25T16:47:22.227Z,0.00,0.00,0.00,0.00,0.00,0.00,0.00
2025-04-25T16:47:23.248Z,0.00,0.00,0.00,0.00,0.00,0.00,0.00
2025-04-25T16:47:23.988Z,0.00,0.00,0.00,0.00,0.00,0.00,0.00
2025-04-25T16:47:25.038Z,0.00,0.00,0.00,0.00,100.00,0.00,0.00
2025-04-25T16:47:25.867Z,0.00,0.00,0.00,0.00,100.00,0.00,0.00
2025-04-25T16:47:27.102Z,0.00,0.00,0.00,0.00,0.00,0.00,0.00
2025-04-25T16:47:28.310Z,0.00,0.00,0.00,0.00,100.00,0.00,0.00
2025-04-25T16:47:28.998Z,0.00,0.00,0.00,0.00,100.00,0.00,0.00
2025-04-25T16:47:30.063Z,0.00,0.00,0.00,0.00,100.00,0.00,0.00
2025-04-25T16:47:31.389Z,0.00,0.00,0.00,0.00,100.00,0.00,0.00
2025-04-25T16:47:32.372Z,0.00,0.00,0.00,0.00,0.00,0.00,0.00
2025-04-25T16:47:33.412Z,0.00,0.00,0.00,0.00,100.00,0.00,0.00
2025-04-25T16:47:34.271Z,0.00,0.00,0.00,0.00,0.00,0.00,0.00
2025-04-25T16:47:35.309Z,0.00,0.00,0.00,0.00,100.00,0.00,0.00
2025-04-25T16:47:36.096Z,0.00,0.00,0.00,0.00,100.00,0.00,0.00
2025-04-25T16:47:37.559Z,0.00,0.00,0.00,0.00,100.00,0.00,0.00
2025-04-25T16:47:38.343Z,0.00,0.00,0.00,0.00,100.00,0.00,0.00
2025-04-25T16:47:39.386Z,0.00,0.00,0.00,0.00,100.00,0.00,0.00
2025-04-25T16:47:40.386Z,0.00,0.00,0.00,0.00,100.00,0.00,0.00
2025-04-25T16:47:41.120Z,0.00,0.00,0.00,33.33,66.67,0.00,0.00
2025-04-25T16:47:42.638Z,0.00,0.00,0.00,0.00,0.00,0.00,0.00
2025-04-25T16:47:44.252Z,0.00,0.00,0.00,50.00,50.00,0.00,0.00
2025-04-25T16:47:45.310Z,0.00,0.00,0.00,0.00,0.00,0.00,0.00
2025-04-25T16:47:46.300Z,0.00,0.00,0.00,0.00,100.00,0.00,0.00
2025-04-25T16:47:47.534Z,0.00,0.00,0.00,0.00,100.00,0.00,0.00
2025-04-25T16:47:47.931Z,0.00,0.00,0.00,0.00,0.00,0.00,0.00
2025-04-25T16:47:49.509Z,0.00,0.00,0.00,0.00,0.00,0.00,0.00
2025-04-25T16:47:50.654Z,0.00,0.00,0.00,0.00,100.00,0.00,0.00
2025-04-25T16:47:52.464Z,0.00,0.00,0.00,0.00,100.00,0.00,0.00
2025-04-25T16:47:52.941Z,0.00,0.00,0.00,0.00,100.00,0.00,0.00
2025-04-25T16:47:54.526Z,0.00,0.00,0.00,0.00,100.00,0.00,0.00
2025-04-25T16:47:55.908Z,0.00,0.00,0.00,0.00,100.00,0.00,0.00
2025-04-25T16:48:00.159Z,0.00,0.00,0.00,0.00,100.00,0.00,0.00
2025-04-25T16:48:02.476Z,0.00,0.00,0.00,0.00,100.00,0.00,0.00
2025-04-25T16:48:03.553Z,0.00,0.00,0.00,0.00,100.00,0.00,0.00
2025-04-25T16:48:04.862Z,0.00,0.00,0.00,0.00,100.00,0.00,0.00
2025-04-25T16:48:07.914Z,0.00,0.00,0.00,0.00,100.00,0.00,0.00
2025-04-25T16:48:09.971Z,0.00,0.00,0.00,0.00,100.00,0.00,0.00
2025-04-25T16:48:12.244Z,0.00,0.00,0.00,0.00,100.00,0.00,0.00
2025-04-25T16:48:14.305Z,0.00,0.00,0.00,0.00,100.00,0.00,0.00
2025-04-25T16:48:15.518Z,0.00,0.00,0.00,0.00,100.00,0.00,0.00
2025-04-25T16:48:17.577Z,0.00,0.00,0.00,0.00,100.00,0.00,0.00
2025-04-25T16:48:19.360Z,0.00,0.00,0.00,0.00,100.00,0.00,0.00
2025-04-25T16:48:20.566Z,0.00,0.00,0.00,0.00,100.00,0.00,0.00
2025-04-25T16:48:21.113Z,0.00,0.00,0.00,0.00,100.00,0.00,0.00
2025-04-25T16:48:22.174Z,0.00,0.00,0.00,0.00,100.00,0.00,0.00
2025-04-25T16:48:24.440Z,0.00,0.00,0.00,0.00,100.00,0.00,0.00
2025-04-25T16:48:25.507Z,0.00,0.00,0.00,0.00,100.00,0.00,0.00
2025-04-25T16:48:27.064Z,0.00,0.00,0.00,0.00,100.00,0.00,0.00
2025-04-25T16:48:28.363Z,0.00,0.00,0.00,0.00,100.00,0.00,0.00
2025-04-25T16:48:29.156Z,0.00,0.00,0.00,0.00,100.00,0.00,0.00
2025-04-25T16:48:30.049Z,0.00,0.00,0.00,0.00,100.00,0.00,0.00
2025-04-25T16:48:31.377Z,0.00,0.00,0.00,0.00,100.00,0.00,0.00
2025-04-25T16:48:32.157Z,0.00,0.00,0.00,0.00,100.00,0.00,0.00
2025-04-25T16:48:33.035Z,0.00,0.00,0.00,0.00,100.00,0.00,0.00
2025-04-25T16:48:34.218Z,0.00,0.00,0.00,0.00,100.00,0.00,0.00
2025-04-25T16:48:35.108Z,0.00,0.00,0.00,0.00,100.00,0.00,0.00
2025-04-25T16:48:36.326Z,0.00,0.00,0.00,0.00,100.00,0.00,0.00
2025-04-25T16:48:37.219Z,0.00,0.00,0.00,0.00,100.00,0.00,0.00
2025-04-25T16:48:38.141Z,0.00,0.00,0.00,0.00,100.00,0.00,0.00
2025-04-25T16:48:39.069Z,0.00,0.00,0.00,0.00,100.00,0.00,0.00
2025-04-25T16:48:40.253Z,0.00,0.00,0.00,0.00,100.00,0.00,0.00
2025-04-25T16:48:41.107Z,0.00,0.00,0.00,0.00,100.00,0.00,0.00
2025-04-25T16:48:42.313Z,0.00,0.00,0.00,0.00,100.00,0.00,0.00
2025-04-25T16:48:43.163Z,0.00,0.00,0.00,0.00,100.00,0.00,0.00
2025-04-25T16:48:44.268Z,0.00,0.00,0.00,0.00,100.00,0.00,0.00
2025-04-25T16:48:45.309Z,0.00,0.00,0.00,0.00,100.00,0.00,0.00
2025-04-25T16:48:46.351Z,0.00,0.00,0.00,0.00,100.00,0.00,0.00
2025-04-25T16:48:47.475Z,0.00,0.00,0.00,0.00,100.00,0.00,0.00
2025-04-25T16:48:49.272Z,0.00,0.00,0.00,0.00,100.00,0.00,0.00
2025-04-25T16:48:50.161Z,0.00,0.00,0.00,0.00,100.00,0.00,0.00
2025-04-25T16:48:51.460Z,0.00,0.00,0.00,0.00,100.00,0.00,0.00
2025-04-25T16:48:52.317Z,0.00,0.00,0.00,0.00,100.00,0.00,0.00
2025-04-25T16:48:53.098Z,0.00,0.00,0.00,0.00,100.00,0.00,0.00
2025-04-25T16:48:54.445Z,0.00,0.00,0.00,0.00,100.00,0.00,0.00
2025-04-25T16:48:55.300Z,0.00,0.00,0.00,0.00,100.00,0.00,0.00
2025-04-25T16:48:56.168Z,0.00,0.00,0.00,0.00,100.00,0.00,0.00
2025-04-25T16:48:57.146Z,0.00,0.00,0.00,0.00,100.00,0.00,0.00
2025-04-25T16:48:58.192Z,0.00,0.00,0.00,0.00,100.00,0.00,0.00
2025-04-25T16:48:59.413Z,0.00,0.00,0.00,0.00,100.00,0.00,0.00
2025-04-25T16:49:00.249Z,0.00,0.00,0.00,50.00,50.00,0.00,0.00
2025-04-25T16:49:01.193Z,0.00,0.00,0.00,100.00,0.00,0.00,0.00
2025-04-25T16:49:02.108Z,0.00,0.00,0.00,0.00,0.00,0.00,0.00
2025-04-25T16:49:03.467Z,0.00,0.00,0.00,75.00,25.00,0.00,0.00
2025-04-25T16:49:04.286Z,0.00,0.00,0.00,0.00,100.00,0.00,0.00
2025-04-25T16:49:10.306Z,0.00,0.00,0.00,0.00,100.00,0.00,0.00
2025-04-25T16:49:37.949Z,0.00,0.00,0.00,0.00,50.00,0.00,50.00
2025-04-25T16:49:39.358Z,0.00,0.00,0.00,2.38,35.71,61.90,0.00
2025-04-25T16:49:40.217Z,0.00,0.00,0.00,100.00,0.00,0.00,0.00
2025-04-25T16:49:41.209Z,0.00,0.00,0.00,50.00,50.00,0.00,0.00
2025-04-25T16:49:42.107Z,0.00,0.00,0.00,0.00,100.00,0.00,0.00
2025-04-25T16:49:43.591Z,0.00,0.00,0.00,0.00,0.00,0.00,100.00
2025-04-25T16:49:45.226Z,0.00,0.00,0.00,33.33,33.33,0.00,33.33
2025-04-25T16:49:45.981Z,0.00,0.00,0.00,33.33,0.00,0.00,66.67
2025-04-25T16:49:47.204Z,0.00,0.00,0.00,0.00,100.00,0.00,0.00
2025-04-25T16:49:48.348Z,0.00,0.00,0.00,66.67,33.33,0.00,0.00
2025-04-25T16:49:49.112Z,0.00,0.00,0.00,100.00,0.00,0.00,0.00
2025-04-25T16:49:50.268Z,0.00,0.00,0.00,50.00,50.00,0.00,0.00
2025-04-25T16:49:51.168Z,0.00,0.00,0.00,0.00,100.00,0.00,0.00
2025-04-25T16:49:52.414Z,0.00,0.00,0.00,0.00,100.00,0.00,0.00
2025-04-25T16:49:53.356Z,0.00,0.00,0.00,0.00,100.00,0.00,0.00
2025-04-25T16:49:54.307Z,0.00,0.00,0.00,0.00,100.00,0.00,0.00
2025-04-25T16:49:55.274Z,0.00,0.00,0.00,0.00,100.00,0.00,0.00
2025-04-25T16:49:56.224Z,0.00,0.00,0.00,0.00,100.00,0.00,0.00
2025-04-25T16:49:57.187Z,0.00,0.00,0.00,0.00,100.00,0.00,0.00
2025-04-25T16:49:58.151Z,0.00,0.00,0.00,0.00,100.00,0.00,0.00
2025-04-25T16:49:59.154Z,0.00,0.00,0.00,0.00,100.00,0.00,0.00
2025-04-25T16:50:00.143Z,0.00,0.00,0.00,0.00,100.00,0.00,0.00
2025-04-25T16:50:01.246Z,0.00,0.00,0.00,0.00,100.00,0.00,0.00
2025-04-25T16:50:02.462Z,0.00,0.00,0.00,0.00,100.00,0.00,0.00
2025-04-25T16:50:03.565Z,0.00,0.00,0.00,0.00,100.00,0.00,0.00
2025-04-25T16:50:04.931Z,0.00,0.00,0.00,0.00,50.00,0.00,50.00
2025-04-25T16:50:07.333Z,0.00,0.00,0.00,0.00,50.00,0.00,50.00
2025-04-25T16:50:08.462Z,0.00,0.00,0.00,0.00,50.00,0.00,50.00
2025-04-25T16:50:09.675Z,0.00,0.00,0.00,0.00,100.00,0.00,0.00
2025-04-25T16:50:11.490Z,0.00,0.00,0.00,0.00,60.00,0.00,40.00
2025-04-25T16:50:12.629Z,0.00,0.00,0.00,0.00,100.00,0.00,0.00
2025-04-25T16:50:14.314Z,0.00,0.00,0.00,0.00,100.00,0.00,0.00
2025-04-25T16:50:15.418Z,0.00,0.00,0.00,0.00,100.00,0.00,0.00
2025-04-25T16:50:16.618Z,0.00,0.00,0.00,0.00,100.00,0.00,0.00
2025-04-25T16:50:18.974Z,0.00,0.00,0.00,0.00,100.00,0.00,0.00
2025-04-25T16:50:20.324Z,0.00,0.00,0.00,0.00,100.00,0.00,0.00
2025-04-25T16:50:21.553Z,0.00,0.00,0.00,0.00,100.00,0.00,0.00
2025-04-25T16:50:22.701Z,0.00,0.00,0.00,33.33,66.67,0.00,0.00
2025-04-25T16:50:24.844Z,0.00,0.00,0.00,0.00,100.00,0.00,0.00
2025-04-25T16:50:26.486Z,0.00,0.00,0.00,0.00,100.00,0.00,0.00
2025-04-25T16:50:27.458Z,0.00,0.00,0.00,0.00,100.00,0.00,0.00
2025-04-25T16:50:28.327Z,0.00,0.00,0.00,0.00,100.00,0.00,0.00
2025-04-25T16:50:29.136Z,0.00,0.00,0.00,0.00,100.00,0.00,0.00
2025-04-25T16:50:30.348Z,0.00,0.00,0.00,0.00,100.00,0.00,0.00
2025-04-25T16:50:31.493Z,0.00,0.00,0.00,0.00,100.00,0.00,0.00
2025-04-25T16:50:32.607Z,0.00,0.00,0.00,0.00,100.00,0.00,0.00
2025-04-25T16:50:34.508Z,0.00,0.00,0.00,0.00,66.67,0.00,33.33
2025-04-25T16:50:35.667Z,0.00,0.00,0.00,0.00,100.00,0.00,0.00
2025-04-25T16:50:37.307Z,0.00,0.00,0.00,0.00,100.00,0.00,0.00
2025-04-25T16:50:38.358Z,0.00,0.00,0.00,0.00,100.00,0.00,0.00
2025-04-25T16:50:39.522Z,0.00,0.00,0.00,0.00,100.00,0.00,0.00
2025-04-25T16:50:40.021Z,0.00,0.00,0.00,0.00,100.00,0.00,0.00
2025-04-25T16:50:41.554Z,0.00,0.00,0.00,0.00,100.00,0.00,0.00
2025-04-25T16:50:42.526Z,0.00,0.00,0.00,0.00,100.00,0.00,0.00
2025-04-25T16:50:43.931Z,0.00,0.00,0.00,0.00,100.00,0.00,0.00
2025-04-25T16:50:45.505Z,0.00,0.00,0.00,50.00,50.00,0.00,0.00
2025-04-25T16:50:47.233Z,0.00,0.00,0.00,0.00,100.00,0.00,0.00
2025-04-25T16:50:48.596Z,0.00,0.00,0.00,0.00,100.00,0.00,0.00
2025-04-25T16:50:50.420Z,0.00,0.00,0.00,0.00,100.00,0.00,0.00
2025-04-25T16:50:51.726Z,0.00,0.00,0.00,0.00,100.00,0.00,0.00
2025-04-25T16:50:53.722Z,0.00,0.00,0.00,33.33,66.67,0.00,0.00
2025-04-25T16:50:55.515Z,0.00,0.00,0.00,25.00,75.00,0.00,0.00
2025-04-25T16:50:56.791Z,0.00,0.00,0.00,0.00,100.00,0.00,0.00
2025-04-25T16:50:58.479Z,0.00,0.00,0.00,33.33,66.67,0.00,0.00
2025-04-25T16:50:59.663Z,0.00,0.00,0.00,0.00,100.00,0.00,0.00
2025-04-25T16:51:01.337Z,0.00,0.00,0.00,0.00,100.00,0.00,0.00
2025-04-25T16:51:02.338Z,0.00,0.00,0.00,0.00,100.00,0.00,0.00
2025-04-25T16:51:03.341Z,0.00,0.00,0.00,0.00,50.00,0.00,50.00
2025-04-25T16:51:04.469Z,0.00,0.00,0.00,0.00,50.00,0.00,50.00
2025-04-25T16:51:05.616Z,0.00,0.00,0.00,0.00,0.00,0.00,100.00
2025-04-25T16:51:07.439Z,0.00,0.00,0.00,0.00,100.00,0.00,0.00
2025-04-25T16:51:08.610Z,0.00,0.00,0.00,0.00,100.00,0.00,0.00
2025-04-25T16:51:10.552Z,0.00,0.00,0.00,0.00,100.00,0.00,0.00
2025-04-25T16:51:11.827Z,0.00,0.00,0.00,50.00,50.00,0.00,0.00
2025-04-25T16:51:14.150Z,0.00,0.00,0.00,0.00,100.00,0.00,0.00
2025-04-25T16:51:15.256Z,0.00,0.00,0.00,0.00,100.00,0.00,0.00
2025-04-25T16:51:16.984Z,0.00,0.00,0.00,0.00,66.67,0.00,33.33
2025-04-25T16:51:18.205Z,0.00,0.00,0.00,0.00,100.00,0.00,0.00
2025-04-25T16:51:19.334Z,0.00,0.00,0.00,0.00,100.00,0.00,0.00
2025-04-25T16:51:20.620Z,0.00,0.00,0.00,0.00,100.00,0.00,0.00
2025-04-25T16:51:22.398Z,0.00,0.00,0.00,0.00,75.00,0.00,25.00
2025-04-25T16:51:23.954Z,0.00,0.00,0.00,0.00,50.00,0.00,50.00
2025-04-25T16:51:25.261Z,0.00,0.00,0.00,0.00,100.00,0.00,0.00
2025-04-25T16:51:26.862Z,0.00,0.00,0.00,0.00,100.00,0.00,0.00
2025-04-25T16:51:28.734Z,0.00,0.00,0.00,25.00,75.00,0.00,0.00
2025-04-25T16:51:30.768Z,0.00,0.00,0.00,0.00,100.00,0.00,0.00
2025-04-25T16:51:32.564Z,0.00,0.00,0.00,0.00,100.00,0.00,0.00
2025-04-25T16:51:33.747Z,0.00,0.00,0.00,0.00,100.00,0.00,0.00
2025-04-25T16:51:36.017Z,0.00,0.00,0.00,0.00,100.00,0.00,0.00
2025-04-25T16:51:37.597Z,0.00,0.00,0.00,0.00,100.00,0.00,0.00
2025-04-25T16:51:39.589Z,0.00,0.00,0.00,0.00,100.00,0.00,0.00
2025-04-25T16:51:41.600Z,0.00,0.00,0.00,0.00,75.00,0.00,25.00
2025-04-25T16:51:45.095Z,0.00,0.00,0.00,0.00,100.00,0.00,0.00
2025-04-25T16:51:46.455Z,0.00,0.00,0.00,25.00,75.00,0.00,0.00
2025-04-25T16:51:48.107Z,0.00,0.00,0.00,0.00,100.00,0.00,0.00
2025-04-25T16:51:49.660Z,0.00,0.00,0.00,0.00,100.00,0.00,0.00
2025-04-25T16:51:51.687Z,0.00,0.00,0.00,0.00,100.00,0.00,0.00
2025-04-25T16:51:54.008Z,0.00,0.00,0.00,50.00,50.00,0.00,0.00
2025-04-25T16:51:56.087Z,0.00,0.00,0.00,100.00,0.00,0.00,0.00
2025-04-25T16:51:58.226Z,0.00,0.00,0.00,75.00,25.00,0.00,0.00
2025-04-25T16:52:00.546Z,0.00,0.00,0.00,33.33,66.67,0.00,0.00
2025-04-25T16:52:02.105Z,0.00,0.00,0.00,0.00,75.00,0.00,25.00
2025-04-25T16:52:03.361Z,0.00,0.00,0.00,0.00,50.00,0.00,50.00
2025-04-25T16:52:04.457Z,0.00,0.00,0.00,0.00,100.00,0.00,0.00
2025-04-25T16:52:05.905Z,0.00,0.00,0.00,0.00,100.00,0.00,0.00
